{
  "type": "FeatureCollection",
  "features": [
    {
      "type": "Feature",
      "geometry": {
        "type": "MultiPolygon",
        "coordinates": [
          [
            [
              [
                106.6940684,
                10.73397679
              ],
              [
                106.6939193,
                10.7337629
              ],
              [
                106.69371775,
                10.73349097
              ],
              [
                106.69370185,
                10.73347463
              ],
              [
                106.69347869,
                10.73321495
              ],
              [
                106.69326828,
                10.7330005
              ],
              [
                106.69304736,
                10.73277862
              ],
              [
                106.69250885,
                10.73234981
              ],
              [
                106.69162506,
                10.73174751
              ],
              [
                106.69083469,
                10.73111503
              ],
              [
                106.69064687,
                10.73089456
              ],
              [
                106.69051805,
                10.73070387
              ],
              [
                106.69036322,
                10.73025869
              ],
              [
                106.69031169,
                10.72989587
              ],
              [
                106.69030488,
                10.72976096
              ],
              [
                106.69028185,
                10.72886161
              ],
              [
                106.69027862,
                10.72862368
              ],
              [
                106.69027447,
                10.72831915
              ],
              [
                106.69027222,
                10.72815351
              ],
              [
                106.690272,
                10.72813684
              ],
              [
                106.69021451,
                10.72771231
              ],
              [
                106.69014585,
                10.72719519
              ],
              [
                106.69013078,
                10.72665801
              ],
              [
                106.69014247,
                10.72610085
              ],
              [
                106.69020336,
                10.72571174
              ],
              [
                106.69022142,
                10.72553979
              ],
              [
                106.69022778,
                10.72530728
              ],
              [
                106.69012023,
                10.72491555
              ],
              [
                106.68993755,
                10.72438007
              ],
              [
                106.68979804,
                10.72399295
              ],
              [
                106.68929351,
                10.72267844
              ],
              [
                106.68925915,
                10.72258893
              ],
              [
                106.68906038,
                10.72198287
              ],
              [
                106.68898305,
                10.72146633
              ],
              [
                106.68898203,
                10.7211368
              ],
              [
                106.68900383,
                10.72083715
              ],
              [
                106.68908276,
                10.72036572
              ],
              [
                106.68929349,
                10.71950632
              ],
              [
                106.68937825,
                10.7191931
              ],
              [
                106.68942001,
                10.71896998
              ],
              [
                106.68943233,
                10.71875163
              ],
              [
                106.6894185,
                10.718482
              ],
              [
                106.68938859,
                10.71824336
              ],
              [
                106.68934554,
                10.71804672
              ],
              [
                106.68929348,
                10.71787895
              ],
              [
                106.68923655,
                10.71773683
              ],
              [
                106.68877573,
                10.71676215
              ],
              [
                106.68854641,
                10.71612107
              ],
              [
                106.68846594,
                10.71572255
              ],
              [
                106.68839824,
                10.71530787
              ],
              [
                106.68839743,
                10.71504421
              ],
              [
                106.68850543,
                10.71420607
              ],
              [
                106.68861076,
                10.71338861
              ],
              [
                106.688751,
                10.71259391
              ],
              [
                106.68870649,
                10.71226759
              ],
              [
                106.68864399,
                10.71221792
              ],
              [
                106.68853851,
                10.71214031
              ],
              [
                106.68834817,
                10.71206973
              ],
              [
                106.68770487,
                10.71187425
              ],
              [
                106.68757651,
                10.7118356
              ],
              [
                106.68675704,
                10.71162802
              ],
              [
                106.6864638,
                10.71159226
              ],
              [
                106.6860994,
                10.71159753
              ],
              [
                106.6858624,
                10.71162076
              ],
              [
                106.68565634,
                10.71168362
              ],
              [
                106.68538066,
                10.71184348
              ],
              [
                106.68520273,
                10.71200687
              ],
              [
                106.68468105,
                10.71259369
              ],
              [
                106.68429976,
                10.71295048
              ],
              [
                106.68384089,
                10.71330044
              ],
              [
                106.68364569,
                10.71341613
              ],
              [
                106.68339319,
                10.71352794
              ],
              [
                106.68293303,
                10.71366289
              ],
              [
                106.68228131,
                10.7138443
              ],
              [
                106.681695,
                10.71409389
              ],
              [
                106.68149735,
                10.7142128
              ],
              [
                106.68132506,
                10.71434445
              ],
              [
                106.68112206,
                10.71452195
              ],
              [
                106.68082505,
                10.71433224
              ],
              [
                106.68059981,
                10.71416973
              ],
              [
                106.68037816,
                10.7139596
              ],
              [
                106.68018218,
                10.71372017
              ],
              [
                106.68003414,
                10.7135153
              ],
              [
                106.67986561,
                10.71327725
              ],
              [
                106.67962372,
                10.71296661
              ],
              [
                106.67928095,
                10.71242677
              ],
              [
                106.67913354,
                10.71223533
              ],
              [
                106.67891072,
                10.71195015
              ],
              [
                106.67887681,
                10.71190736
              ],
              [
                106.67868735,
                10.71165598
              ],
              [
                106.67859733,
                10.71153382
              ],
              [
                106.67854582,
                10.71143898
              ],
              [
                106.67851889,
                10.71135674
              ],
              [
                106.67848003,
                10.71121332
              ],
              [
                106.67845619,
                10.71109413
              ],
              [
                106.67842217,
                10.71078395
              ],
              [
                106.67840885,
                10.71061617
              ],
              [
                106.67837637,
                10.7104643
              ],
              [
                106.67832334,
                10.71022171
              ],
              [
                106.67825098,
                10.70994014
              ],
              [
                106.67821435,
                10.70982415
              ],
              [
                106.6781861,
                10.70975883
              ],
              [
                106.67815104,
                10.70971036
              ],
              [
                106.67809147,
                10.70965604
              ],
              [
                106.67801522,
                10.70961366
              ],
              [
                106.67795132,
                10.70958952
              ],
              [
                106.67789665,
                10.70957919
              ],
              [
                106.67788554,
                10.70957922
              ],
              [
                106.67776556,
                10.70958099
              ],
              [
                106.67768335,
                10.70959117
              ],
              [
                106.6775436,
                10.7096142
              ],
              [
                106.67740174,
                10.70964081
              ],
              [
                106.67715637,
                10.70968904
              ],
              [
                106.67700489,
                10.7097106
              ],
              [
                106.676896,
                10.70971904
              ],
              [
                106.6768298,
                10.70971096
              ],
              [
                106.67676826,
                10.70967415
              ],
              [
                106.67672328,
                10.70962652
              ],
              [
                106.67666724,
                10.7095279
              ],
              [
                106.67646239,
                10.70888266
              ],
              [
                106.67639782,
                10.70870554
              ],
              [
                106.67630867,
                10.70853053
              ],
              [
                106.67597305,
                10.7079621
              ],
              [
                106.67558685,
                10.70732028
              ],
              [
                106.67456936,
                10.70561251
              ],
              [
                106.67441407,
                10.70543796
              ],
              [
                106.67388583,
                10.7048442
              ],
              [
                106.67363809,
                10.70456574
              ],
              [
                106.67343021,
                10.70421552
              ],
              [
                106.67336451,
                10.70393778
              ],
              [
                106.67338558,
                10.703756
              ],
              [
                106.67375253,
                10.70329504
              ],
              [
                106.67428926,
                10.70274308
              ],
              [
                106.67437698,
                10.70243247
              ],
              [
                106.67438674,
                10.70172991
              ],
              [
                106.67428587,
                10.70113063
              ],
              [
                106.67413364,
                10.70022616
              ],
              [
                106.67376814,
                10.69866985
              ],
              [
                106.67370118,
                10.69804953
              ],
              [
                106.67375293,
                10.69690362
              ],
              [
                106.67380291,
                10.69595544
              ],
              [
                106.67379208,
                10.69553465
              ],
              [
                106.673762,
                10.69506663
              ],
              [
                106.67366484,
                10.69454679
              ],
              [
                106.67354411,
                10.69413104
              ],
              [
                106.67343118,
                10.69375091
              ],
              [
                106.67340919,
                10.69365728
              ],
              [
                106.67336015,
                10.69340804
              ],
              [
                106.67329848,
                10.69297313
              ],
              [
                106.6732766,
                10.69285608
              ],
              [
                106.67323304,
                10.69262311
              ],
              [
                106.67314635,
                10.69234214
              ],
              [
                106.67330143,
                10.69217719
              ],
              [
                106.67371312,
                10.69170904
              ],
              [
                106.67392503,
                10.69146677
              ],
              [
                106.6739315,
                10.69145981
              ],
              [
                106.67441354,
                10.69095943
              ],
              [
                106.67512073,
                10.69009812
              ],
              [
                106.67535377,
                10.68975374
              ],
              [
                106.67557132,
                10.68928238
              ],
              [
                106.6756135,
                10.6891462
              ],
              [
                106.6756148,
                10.6891418
              ],
              [
                106.6756159,
                10.6891379
              ],
              [
                106.67574243,
                10.68862018
              ],
              [
                106.67585262,
                10.68794928
              ],
              [
                106.67585532,
                10.68792868
              ],
              [
                106.6759028,
                10.6871595
              ],
              [
                106.67589783,
                10.68676353
              ],
              [
                106.67591494,
                10.68647902
              ],
              [
                106.67592931,
                10.68637938
              ],
              [
                106.67594941,
                10.6862613
              ],
              [
                106.67599082,
                10.68604376
              ],
              [
                106.67602586,
                10.68591281
              ],
              [
                106.67609602,
                10.68568129
              ],
              [
                106.67619217,
                10.68544501
              ],
              [
                106.67627716,
                10.6852824
              ],
              [
                106.6763761,
                10.68513509
              ],
              [
                106.67652718,
                10.68492454
              ],
              [
                106.67653223,
                10.68491905
              ],
              [
                106.67659927,
                10.68484119
              ],
              [
                106.67689399,
                10.68453137
              ],
              [
                106.67732559,
                10.68411583
              ],
              [
                106.67777545,
                10.68369319
              ],
              [
                106.67833617,
                10.68318217
              ],
              [
                106.67887664,
                10.68264404
              ],
              [
                106.67924242,
                10.68229353
              ],
              [
                106.67945865,
                10.68204204
              ],
              [
                106.67971979,
                10.68172071
              ],
              [
                106.68007752,
                10.68119801
              ],
              [
                106.68025923,
                10.68090896
              ],
              [
                106.68061379,
                10.68031926
              ],
              [
                106.68080122,
                10.679969
              ],
              [
                106.68088611,
                10.67979973
              ],
              [
                106.68105856,
                10.67937083
              ],
              [
                106.68120161,
                10.6789566
              ],
              [
                106.68132975,
                10.67848413
              ],
              [
                106.68139937,
                10.67813422
              ],
              [
                106.68143101,
                10.67788934
              ],
              [
                106.68144596,
                10.67764359
              ],
              [
                106.68144963,
                10.6774878
              ],
              [
                106.68141472,
                10.67697067
              ],
              [
                106.68136626,
                10.67673971
              ],
              [
                106.68128397,
                10.67646897
              ],
              [
                106.68114678,
                10.67614878
              ],
              [
                106.68111313,
                10.67607022
              ],
              [
                106.68077183,
                10.67539196
              ],
              [
                106.68040234,
                10.67478402
              ],
              [
                106.67971613,
                10.67364941
              ],
              [
                106.67887658,
                10.67227796
              ],
              [
                106.67883892,
                10.67221644
              ],
              [
                106.67876622,
                10.6720247
              ],
              [
                106.67868104,
                10.67174931
              ],
              [
                106.67859823,
                10.67082256
              ],
              [
                106.67850188,
                10.66909217
              ],
              [
                106.67848808,
                10.66871618
              ],
              [
                106.67569003,
                10.66972975
              ],
              [
                106.67507511,
                10.66992508
              ],
              [
                106.6748606,
                10.67001143
              ],
              [
                106.67469181,
                10.67008792
              ],
              [
                106.67464528,
                10.67011281
              ],
              [
                106.67436841,
                10.67027903
              ],
              [
                106.67402238,
                10.67049723
              ],
              [
                106.67386354,
                10.67059784
              ],
              [
                106.67348557,
                10.67079022
              ],
              [
                106.67305195,
                10.67099628
              ],
              [
                106.67296227,
                10.6710393
              ],
              [
                106.67288847,
                10.6710654
              ],
              [
                106.67282373,
                10.67108247
              ],
              [
                106.67275556,
                10.67109166
              ],
              [
                106.67233618,
                10.67111766
              ],
              [
                106.67228732,
                10.67112006
              ],
              [
                106.67209064,
                10.67112288
              ],
              [
                106.67145591,
                10.67097396
              ],
              [
                106.67085059,
                10.67077882
              ],
              [
                106.67083042,
                10.67077186
              ],
              [
                106.67071143,
                10.67073079
              ],
              [
                106.67058546,
                10.67068733
              ],
              [
                106.66994264,
                10.67057961
              ],
              [
                106.66973971,
                10.67060503
              ],
              [
                106.66958767,
                10.67064484
              ],
              [
                106.66946851,
                10.67073146
              ],
              [
                106.66927872,
                10.67089943
              ],
              [
                106.66914822,
                10.671076
              ],
              [
                106.66893428,
                10.67135047
              ],
              [
                106.66869092,
                10.67169367
              ],
              [
                106.66845993,
                10.67203649
              ],
              [
                106.66787963,
                10.67280055
              ],
              [
                106.66745901,
                10.67333974
              ],
              [
                106.66731937,
                10.67349761
              ],
              [
                106.6672372,
                10.67358869
              ],
              [
                106.66712677,
                10.67372745
              ],
              [
                106.6666782,
                10.67430104
              ],
              [
                106.66652099,
                10.67452383
              ],
              [
                106.66635984,
                10.67475936
              ],
              [
                106.66631316,
                10.67485786
              ],
              [
                106.66621362,
                10.6750784
              ],
              [
                106.66613608,
                10.67531077
              ],
              [
                106.66608455,
                10.67552156
              ],
              [
                106.66599771,
                10.67607031
              ],
              [
                106.66594605,
                10.67647608
              ],
              [
                106.66585086,
                10.67684604
              ],
              [
                106.66571133,
                10.67718091
              ],
              [
                106.66557698,
                10.67741445
              ],
              [
                106.66546577,
                10.67757845
              ],
              [
                106.66539408,
                10.67769037
              ],
              [
                106.6653187,
                10.67780472
              ],
              [
                106.6652523,
                10.67789651
              ],
              [
                106.66520309,
                10.67796358
              ],
              [
                106.66517755,
                10.67799719
              ],
              [
                106.66507229,
                10.67811982
              ],
              [
                106.66503287,
                10.67815252
              ],
              [
                106.6649425,
                10.67821962
              ],
              [
                106.66474202,
                10.67835714
              ],
              [
                106.66449701,
                10.67847195
              ],
              [
                106.66428971,
                10.67853124
              ],
              [
                106.66402473,
                10.67857439
              ],
              [
                106.6636741,
                10.67860964
              ],
              [
                106.66329547,
                10.67864334
              ],
              [
                106.66307815,
                10.67865865
              ],
              [
                106.66288384,
                10.67865596
              ],
              [
                106.66269775,
                10.67865323
              ],
              [
                106.66241787,
                10.67867199
              ],
              [
                106.66200965,
                10.67872534
              ],
              [
                106.66164757,
                10.67878345
              ],
              [
                106.66127235,
                10.67885463
              ],
              [
                106.66083622,
                10.67894066
              ],
              [
                106.66046596,
                10.67901834
              ],
              [
                106.66028745,
                10.67905888
              ],
              [
                106.66015087,
                10.67909335
              ],
              [
                106.6599838,
                10.67912207
              ],
              [
                106.65980495,
                10.67914079
              ],
              [
                106.65972628,
                10.67914874
              ],
              [
                106.65926989,
                10.67919149
              ],
              [
                106.65895557,
                10.67925501
              ],
              [
                106.6586272,
                10.67936016
              ],
              [
                106.65836618,
                10.67944426
              ],
              [
                106.6581894,
                10.67948638
              ],
              [
                106.65809606,
                10.67950673
              ],
              [
                106.65804333,
                10.67951099
              ],
              [
                106.65797716,
                10.67951652
              ],
              [
                106.65790167,
                10.67951382
              ],
              [
                106.65783087,
                10.67950354
              ],
              [
                106.65772285,
                10.67946711
              ],
              [
                106.65739337,
                10.67931585
              ],
              [
                106.65701416,
                10.67909999
              ],
              [
                106.65675195,
                10.67896601
              ],
              [
                106.65632141,
                10.67873981
              ],
              [
                106.65631988,
                10.67873897
              ],
              [
                106.65620632,
                10.67867767
              ],
              [
                106.65572009,
                10.67839363
              ],
              [
                106.65565341,
                10.67836101
              ],
              [
                106.65564628,
                10.67835683
              ],
              [
                106.65541066,
                10.67824029
              ],
              [
                106.65527457,
                10.67819711
              ],
              [
                106.655036,
                10.67814249
              ],
              [
                106.65495222,
                10.67814273
              ],
              [
                106.65488052,
                10.67817845
              ],
              [
                106.65481094,
                10.67825956
              ],
              [
                106.65475946,
                10.67838794
              ],
              [
                106.65472534,
                10.67853531
              ],
              [
                106.65468952,
                10.67871696
              ],
              [
                106.65462825,
                10.6788951
              ],
              [
                106.65457433,
                10.67909839
              ],
              [
                106.65454568,
                10.67924228
              ],
              [
                106.65453862,
                10.679316
              ],
              [
                106.6545389,
                10.67941127
              ],
              [
                106.6545538,
                10.67953167
              ],
              [
                106.65456509,
                10.67965927
              ],
              [
                106.65455723,
                10.68007453
              ],
              [
                106.65456174,
                10.68037112
              ],
              [
                106.65455665,
                10.68049337
              ],
              [
                106.65454234,
                10.68057071
              ],
              [
                106.65452084,
                10.68067682
              ],
              [
                106.65450598,
                10.6807271
              ],
              [
                106.65447475,
                10.680834
              ],
              [
                106.65443827,
                10.68097697
              ],
              [
                106.65437712,
                10.68124349
              ],
              [
                106.65428944,
                10.68170751
              ],
              [
                106.65426275,
                10.68190172
              ],
              [
                106.65422682,
                10.68204026
              ],
              [
                106.65419252,
                10.68212124
              ],
              [
                106.65413821,
                10.68219151
              ],
              [
                106.65408564,
                10.6822384
              ],
              [
                106.6539531,
                10.68228372
              ],
              [
                106.65386955,
                10.68230373
              ],
              [
                106.6537933,
                10.68233272
              ],
              [
                106.65374794,
                10.68235801
              ],
              [
                106.65369718,
                10.68239951
              ],
              [
                106.65365974,
                10.68243757
              ],
              [
                106.65364305,
                10.68246139
              ],
              [
                106.65340176,
                10.68236212
              ],
              [
                106.65334132,
                10.68233726
              ],
              [
                106.65324765,
                10.68229627
              ],
              [
                106.65322675,
                10.68228566
              ],
              [
                106.65321281,
                10.68227435
              ],
              [
                106.65320582,
                10.68226439
              ],
              [
                106.65319391,
                10.68223347
              ],
              [
                106.65317958,
                10.68220944
              ],
              [
                106.65316285,
                10.68219332
              ],
              [
                106.65314229,
                10.68217996
              ],
              [
                106.65312244,
                10.68217177
              ],
              [
                106.65304693,
                10.68215411
              ],
              [
                106.6529561,
                10.68213098
              ],
              [
                106.65288032,
                10.682113
              ],
              [
                106.65280003,
                10.68209025
              ],
              [
                106.65274826,
                10.68207521
              ],
              [
                106.6526796,
                10.68205093
              ],
              [
                106.65261079,
                10.68201686
              ],
              [
                106.65253547,
                10.68198462
              ],
              [
                106.65237337,
                10.68192281
              ],
              [
                106.65230695,
                10.68189667
              ],
              [
                106.65224877,
                10.68186941
              ],
              [
                106.65213718,
                10.68180399
              ],
              [
                106.6520977,
                10.68179502
              ],
              [
                106.65206338,
                10.68179024
              ],
              [
                106.65201802,
                10.68179148
              ],
              [
                106.65200267,
                10.68179412
              ],
              [
                106.65191354,
                10.68181921
              ],
              [
                106.65187495,
                10.68182638
              ],
              [
                106.65186184,
                10.68182678
              ],
              [
                106.65178229,
                10.68180032
              ],
              [
                106.65177142,
                10.68179812
              ],
              [
                106.65174262,
                10.6818015
              ],
              [
                106.65162817,
                10.681817
              ],
              [
                106.65158577,
                10.68181905
              ],
              [
                106.65157543,
                10.68181956
              ],
              [
                106.65157186,
                10.68180993
              ],
              [
                106.65153713,
                10.68171644
              ],
              [
                106.65153541,
                10.68171178
              ],
              [
                106.65149702,
                10.68173114
              ],
              [
                106.65138918,
                10.68179076
              ],
              [
                106.65125036,
                10.68186175
              ],
              [
                106.65118739,
                10.68190259
              ],
              [
                106.65107684,
                10.68198125
              ],
              [
                106.65105898,
                10.68198218
              ],
              [
                106.65103474,
                10.68197453
              ],
              [
                106.65096485,
                10.68191412
              ],
              [
                106.65075258,
                10.68209292
              ],
              [
                106.65071106,
                10.68213457
              ],
              [
                106.65074654,
                10.68221705
              ],
              [
                106.65072797,
                10.68222724
              ],
              [
                106.65069495,
                10.68224535
              ],
              [
                106.65067788,
                10.68225471
              ],
              [
                106.65063939,
                10.68227581
              ],
              [
                106.65061335,
                10.6822901
              ],
              [
                106.65044504,
                10.68238719
              ],
              [
                106.65040027,
                10.68241738
              ],
              [
                106.65032517,
                10.68246985
              ],
              [
                106.65019659,
                10.68254751
              ],
              [
                106.65008531,
                10.68259864
              ],
              [
                106.64977908,
                10.68279132
              ],
              [
                106.64977839,
                10.6828035
              ],
              [
                106.64980298,
                10.68286918
              ],
              [
                106.64984184,
                10.68297292
              ],
              [
                106.64991223,
                10.68313919
              ],
              [
                106.65002362,
                10.68337612
              ],
              [
                106.65006366,
                10.68346713
              ],
              [
                106.65012577,
                10.68360835
              ],
              [
                106.65015531,
                10.6836755
              ],
              [
                106.65017291,
                10.68371552
              ],
              [
                106.65024047,
                10.68386777
              ],
              [
                106.65033001,
                10.68406956
              ],
              [
                106.65040214,
                10.68425004
              ],
              [
                106.65043616,
                10.68433678
              ],
              [
                106.65045487,
                10.68437606
              ],
              [
                106.65046301,
                10.68439314
              ],
              [
                106.65051133,
                10.68451859
              ],
              [
                106.65054534,
                10.68460166
              ],
              [
                106.65056913,
                10.68465403
              ],
              [
                106.65056983,
                10.6846617
              ],
              [
                106.65055566,
                10.68473746
              ],
              [
                106.650522,
                10.68493498
              ],
              [
                106.65049663,
                10.68509226
              ],
              [
                106.65046206,
                10.68525065
              ],
              [
                106.6504515,
                10.68529903
              ],
              [
                106.65042274,
                10.68543985
              ],
              [
                106.65039179,
                10.68556741
              ],
              [
                106.65038134,
                10.68559594
              ],
              [
                106.65035575,
                10.6857489
              ],
              [
                106.65033408,
                10.68591556
              ],
              [
                106.65032211,
                10.68598902
              ],
              [
                106.65027678,
                10.6862133
              ],
              [
                106.65025396,
                10.68631587
              ],
              [
                106.6502154,
                10.68648707
              ],
              [
                106.65019447,
                10.68658167
              ],
              [
                106.6502298,
                10.6865851
              ],
              [
                106.65032179,
                10.68658724
              ],
              [
                106.65038396,
                10.68659304
              ],
              [
                106.65043225,
                10.68660752
              ],
              [
                106.65050668,
                10.68662005
              ],
              [
                106.6506381,
                10.6866306
              ],
              [
                106.65067132,
                10.68663446
              ],
              [
                106.65083592,
                10.68665366
              ],
              [
                106.65103177,
                10.68668975
              ],
              [
                106.65134514,
                10.68674898
              ],
              [
                106.65133074,
                10.68684076
              ],
              [
                106.65129601,
                10.68702814
              ],
              [
                106.65128567,
                10.68708938
              ],
              [
                106.65128232,
                10.68710924
              ],
              [
                106.6512474,
                10.68728864
              ],
              [
                106.65123546,
                10.68735067
              ],
              [
                106.65093709,
                10.68728287
              ],
              [
                106.65082708,
                10.68725872
              ],
              [
                106.6507139,
                10.68722625
              ],
              [
                106.6506105,
                10.68718733
              ],
              [
                106.65049954,
                10.68714185
              ],
              [
                106.65037732,
                10.68711387
              ],
              [
                106.65028684,
                10.68709521
              ],
              [
                106.65020962,
                10.68707838
              ],
              [
                106.65013541,
                10.68706822
              ],
              [
                106.65003876,
                10.68706702
              ],
              [
                106.64997059,
                10.68707167
              ],
              [
                106.64990319,
                10.68708075
              ],
              [
                106.64985299,
                10.6870809
              ],
              [
                106.64975046,
                10.68706311
              ],
              [
                106.64963811,
                10.6870373
              ],
              [
                106.64953652,
                10.68701963
              ],
              [
                106.64947374,
                10.68700512
              ],
              [
                106.64942001,
                10.68698322
              ],
              [
                106.64936214,
                10.68695726
              ],
              [
                106.64931748,
                10.68693044
              ],
              [
                106.64928603,
                10.68690278
              ],
              [
                106.64927268,
                10.68685464
              ],
              [
                106.64927089,
                10.68680891
              ],
              [
                106.64928149,
                10.68676152
              ],
              [
                106.64929619,
                10.68670841
              ],
              [
                106.64931238,
                10.68662752
              ],
              [
                106.64931365,
                10.68657321
              ],
              [
                106.64931281,
                10.68653089
              ],
              [
                106.64930132,
                10.6864985
              ],
              [
                106.64929222,
                10.68648707
              ],
              [
                106.64927635,
                10.68646751
              ],
              [
                106.64926747,
                10.68645656
              ],
              [
                106.64923728,
                10.68642935
              ],
              [
                106.64919491,
                10.68640854
              ],
              [
                106.64914861,
                10.68639485
              ],
              [
                106.6491002,
                10.68638967
              ],
              [
                106.64905273,
                10.68639146
              ],
              [
                106.64902299,
                10.68639854
              ],
              [
                106.6489837,
                10.68642061
              ],
              [
                106.64896256,
                10.68643514
              ],
              [
                106.6489369,
                10.68646116
              ],
              [
                106.64891717,
                10.68648707
              ],
              [
                106.64884852,
                10.68657531
              ],
              [
                106.64876502,
                10.68666244
              ],
              [
                106.6487118,
                10.68670969
              ],
              [
                106.64867409,
                10.68672929
              ],
              [
                106.6486148,
                10.68674009
              ],
              [
                106.64855029,
                10.68673672
              ],
              [
                106.64849174,
                10.68672391
              ],
              [
                106.64841886,
                10.68671703
              ],
              [
                106.64839639,
                10.68671675
              ],
              [
                106.64836152,
                10.686716
              ],
              [
                106.64827995,
                10.68672279
              ],
              [
                106.64824499,
                10.68672886
              ],
              [
                106.64821306,
                10.68673998
              ],
              [
                106.64819319,
                10.6867469
              ],
              [
                106.64814921,
                10.68675536
              ],
              [
                106.64811605,
                10.68675785
              ],
              [
                106.64806886,
                10.68675364
              ],
              [
                106.6479698,
                10.68673368
              ],
              [
                106.64789807,
                10.68672038
              ],
              [
                106.64782063,
                10.68670689
              ],
              [
                106.64776723,
                10.68669173
              ],
              [
                106.64770404,
                10.68666807
              ],
              [
                106.64762675,
                10.68663856
              ],
              [
                106.6475729,
                10.68661977
              ],
              [
                106.64750943,
                10.68659667
              ],
              [
                106.64743695,
                10.68658344
              ],
              [
                106.64735811,
                10.68657112
              ],
              [
                106.6472494,
                10.68656157
              ],
              [
                106.64714702,
                10.68654665
              ],
              [
                106.64704099,
                10.68652367
              ],
              [
                106.64695489,
                10.686506
              ],
              [
                106.64687937,
                10.68648708
              ],
              [
                106.64681914,
                10.68647173
              ],
              [
                106.64677361,
                10.68645787
              ],
              [
                106.64670476,
                10.68642807
              ],
              [
                106.64665416,
                10.68641321
              ],
              [
                106.64658639,
                10.68640341
              ],
              [
                106.64649783,
                10.68640117
              ],
              [
                106.64643839,
                10.68640733
              ],
              [
                106.64639474,
                10.68641585
              ],
              [
                106.64636081,
                10.68642796
              ],
              [
                106.64632566,
                10.68644485
              ],
              [
                106.64626775,
                10.68648708
              ],
              [
                106.64625759,
                10.68649499
              ],
              [
                106.64620428,
                10.68653419
              ],
              [
                106.64615098,
                10.68657684
              ],
              [
                106.64611156,
                10.68659418
              ],
              [
                106.64601871,
                10.68661513
              ],
              [
                106.64589568,
                10.68663729
              ],
              [
                106.64576334,
                10.68665261
              ],
              [
                106.64560027,
                10.68666433
              ],
              [
                106.64515926,
                10.6866819
              ],
              [
                106.64501092,
                10.68668348
              ],
              [
                106.64490291,
                10.68667919
              ],
              [
                106.64480649,
                10.68666684
              ],
              [
                106.64473793,
                10.68665095
              ],
              [
                106.64468562,
                10.68663502
              ],
              [
                106.64462515,
                10.68660647
              ],
              [
                106.64454141,
                10.68656077
              ],
              [
                106.64441783,
                10.68648711
              ],
              [
                106.6444167,
                10.68648641
              ],
              [
                106.64426221,
                10.68639128
              ],
              [
                106.64401049,
                10.68621229
              ],
              [
                106.64382748,
                10.68610603
              ],
              [
                106.64365641,
                10.68600656
              ],
              [
                106.64351807,
                10.68590703
              ],
              [
                106.64336968,
                10.68577936
              ],
              [
                106.64322938,
                10.68565404
              ],
              [
                106.64308292,
                10.68553753
              ],
              [
                106.64306722,
                10.68552544
              ],
              [
                106.64287107,
                10.68539707
              ],
              [
                106.6425484,
                10.68518903
              ],
              [
                106.64239105,
                10.68507548
              ],
              [
                106.64223686,
                10.68493489
              ],
              [
                106.64207149,
                10.68479985
              ],
              [
                106.64190624,
                10.68470076
              ],
              [
                106.64171865,
                10.68461833
              ],
              [
                106.64155914,
                10.68457179
              ],
              [
                106.64134931,
                10.68452537
              ],
              [
                106.64113101,
                10.68445686
              ],
              [
                106.64093232,
                10.68439657
              ],
              [
                106.64085971,
                10.68436282
              ],
              [
                106.64067986,
                10.68427763
              ],
              [
                106.64041869,
                10.68409833
              ],
              [
                106.64024046,
                10.6839782
              ],
              [
                106.63997432,
                10.68379921
              ],
              [
                106.63969011,
                10.68363117
              ],
              [
                106.63950575,
                10.68353089
              ],
              [
                106.6393198,
                10.68345178
              ],
              [
                106.63909109,
                10.68336465
              ],
              [
                106.63888871,
                10.68328395
              ],
              [
                106.63872906,
                10.68320475
              ],
              [
                106.63857429,
                10.68310928
              ],
              [
                106.63842441,
                10.6830008
              ],
              [
                106.63831893,
                10.68290031
              ],
              [
                106.63825624,
                10.68281596
              ],
              [
                106.63823796,
                10.68274937
              ],
              [
                106.63823282,
                10.68267787
              ],
              [
                106.63824407,
                10.68259005
              ],
              [
                106.63833465,
                10.68234817
              ],
              [
                106.63837348,
                10.68227881
              ],
              [
                106.63845094,
                10.68218397
              ],
              [
                106.63856816,
                10.68205944
              ],
              [
                106.63865349,
                10.68193304
              ],
              [
                106.63871696,
                10.68182839
              ],
              [
                106.63874662,
                10.68174552
              ],
              [
                106.63875036,
                10.68166272
              ],
              [
                106.63873809,
                10.68155235
              ],
              [
                106.63871392,
                10.68146964
              ],
              [
                106.63866792,
                10.68141261
              ],
              [
                106.638606,
                10.68136548
              ],
              [
                106.63854016,
                10.68134004
              ],
              [
                106.63846041,
                10.68132844
              ],
              [
                106.63837469,
                10.68132277
              ],
              [
                106.63828306,
                10.68133879
              ],
              [
                106.63805013,
                10.68142619
              ],
              [
                106.6379208,
                10.68149752
              ],
              [
                106.63778346,
                10.68155902
              ],
              [
                106.63768793,
                10.68160266
              ],
              [
                106.6376023,
                10.68162853
              ],
              [
                106.63751664,
                10.68164257
              ],
              [
                106.63743494,
                10.6816428
              ],
              [
                106.63732128,
                10.68162538
              ],
              [
                106.63721008,
                10.68159313
              ],
              [
                106.63709588,
                10.68155466
              ],
              [
                106.63696885,
                10.68150225
              ],
              [
                106.63672974,
                10.68138376
              ],
              [
                106.63657602,
                10.68129672
              ],
              [
                106.63642496,
                10.68123027
              ],
              [
                106.63640296,
                10.68122258
              ],
              [
                106.63623488,
                10.68116392
              ],
              [
                106.63606567,
                10.68111551
              ],
              [
                106.63589385,
                10.68106969
              ],
              [
                106.63578149,
                10.68104714
              ],
              [
                106.63571686,
                10.68103416
              ],
              [
                106.63531353,
                10.68098129
              ],
              [
                106.63506375,
                10.6809614
              ],
              [
                106.6348998,
                10.68093357
              ],
              [
                106.63472272,
                10.68086461
              ],
              [
                106.63450651,
                10.6807546
              ],
              [
                106.63436021,
                10.68064295
              ],
              [
                106.63431268,
                10.6806069
              ],
              [
                106.63362637,
                10.68008646
              ],
              [
                106.63321669,
                10.68044698
              ],
              [
                106.63287794,
                10.68068775
              ],
              [
                106.63268884,
                10.6808122
              ],
              [
                106.63224921,
                10.68102958
              ],
              [
                106.63149297,
                10.68140493
              ],
              [
                106.6310415,
                10.68159763
              ],
              [
                106.63066926,
                10.6817588
              ],
              [
                106.63011725,
                10.68206503
              ],
              [
                106.62969161,
                10.6823709
              ],
              [
                106.62932929,
                10.68272347
              ],
              [
                106.62898305,
                10.68317756
              ],
              [
                106.62872351,
                10.68356107
              ],
              [
                106.62868919,
                10.68363954
              ],
              [
                106.62855103,
                10.68398724
              ],
              [
                106.62845473,
                10.68448749
              ],
              [
                106.62842171,
                10.68513696
              ],
              [
                106.6284349,
                10.68578397
              ],
              [
                106.62847635,
                10.68623277
              ],
              [
                106.62849903,
                10.68648719
              ],
              [
                106.62852008,
                10.68676102
              ],
              [
                106.628587,
                10.68730879
              ],
              [
                106.62861399,
                10.68753978
              ],
              [
                106.62862377,
                10.68762343
              ],
              [
                106.62863467,
                10.68771673
              ],
              [
                106.62867034,
                10.68799824
              ],
              [
                106.628684,
                10.6881926
              ],
              [
                106.62867605,
                10.68850147
              ],
              [
                106.62865793,
                10.68870217
              ],
              [
                106.62862825,
                10.68887652
              ],
              [
                106.62856101,
                10.68907541
              ],
              [
                106.62850703,
                10.6892263
              ],
              [
                106.62843229,
                10.68934377
              ],
              [
                106.62810586,
                10.6897355
              ],
              [
                106.62778138,
                10.69005826
              ],
              [
                106.62743145,
                10.69028914
              ],
              [
                106.62715232,
                10.69041532
              ],
              [
                106.62679349,
                10.69053463
              ],
              [
                106.62650502,
                10.69062451
              ],
              [
                106.62610865,
                10.69075643
              ],
              [
                106.62607856,
                10.69077001
              ],
              [
                106.62571082,
                10.69093847
              ],
              [
                106.62569097,
                10.69094743
              ],
              [
                106.62536086,
                10.69112674
              ],
              [
                106.62504291,
                10.69135355
              ],
              [
                106.62491771,
                10.69144896
              ],
              [
                106.62476098,
                10.69156839
              ],
              [
                106.62445535,
                10.69190219
              ],
              [
                106.62421963,
                10.6922161
              ],
              [
                106.62380676,
                10.69285553
              ],
              [
                106.62373607,
                10.6929927
              ],
              [
                106.62352701,
                10.69339839
              ],
              [
                106.6230922,
                10.69419802
              ],
              [
                106.62292497,
                10.69450554
              ],
              [
                106.62262479,
                10.69503169
              ],
              [
                106.62240961,
                10.69546334
              ],
              [
                106.62226936,
                10.69582047
              ],
              [
                106.62218587,
                10.69605554
              ],
              [
                106.62212618,
                10.69620139
              ],
              [
                106.62202165,
                10.69643652
              ],
              [
                106.62198443,
                10.69656297
              ],
              [
                106.62195038,
                10.69674143
              ],
              [
                106.62192392,
                10.69690392
              ],
              [
                106.62189834,
                10.69714471
              ],
              [
                106.62188875,
                10.69732607
              ],
              [
                106.62188761,
                10.69736673
              ],
              [
                106.62394516,
                10.69793008
              ],
              [
                106.62669645,
                10.69867763
              ],
              [
                106.62716977,
                10.69879864
              ],
              [
                106.62768606,
                10.69893505
              ],
              [
                106.62794692,
                10.69942976
              ],
              [
                106.62801487,
                10.69956064
              ],
              [
                106.62802266,
                10.69957563
              ],
              [
                106.6280992,
                10.699727
              ],
              [
                106.62822653,
                10.69997879
              ],
              [
                106.62822881,
                10.69998327
              ],
              [
                106.6282696,
                10.70007469
              ],
              [
                106.62829266,
                10.7001166
              ],
              [
                106.62834334,
                10.70018906
              ],
              [
                106.62838988,
                10.70028309
              ],
              [
                106.62848563,
                10.70047077
              ],
              [
                106.62855463,
                10.70058346
              ],
              [
                106.6285732,
                10.70061707
              ],
              [
                106.62859035,
                10.7006651
              ],
              [
                106.62860065,
                10.70069777
              ],
              [
                106.62861733,
                10.70075157
              ],
              [
                106.62870342,
                10.70093068
              ],
              [
                106.6287356,
                10.7009948
              ],
              [
                106.62873765,
                10.70099886
              ],
              [
                106.62874566,
                10.70101158
              ],
              [
                106.62877479,
                10.70105779
              ],
              [
                106.62879657,
                10.70109642
              ],
              [
                106.62885563,
                10.7012255
              ],
              [
                106.62889779,
                10.70130416
              ],
              [
                106.62891293,
                10.70132907
              ],
              [
                106.62893574,
                10.70136656
              ],
              [
                106.62897292,
                10.70142767
              ],
              [
                106.62899961,
                10.70147458
              ],
              [
                106.62901792,
                10.70152566
              ],
              [
                106.62904335,
                10.70162236
              ],
              [
                106.62906168,
                10.70167552
              ],
              [
                106.62908697,
                10.70172244
              ],
              [
                106.62917048,
                10.70187261
              ],
              [
                106.62917407,
                10.70187908
              ],
              [
                106.62921625,
                10.70196673
              ],
              [
                106.6292493,
                10.70203921
              ],
              [
                106.62926688,
                10.70207715
              ],
              [
                106.62943945,
                10.70237726
              ],
              [
                106.6295166,
                10.7023455
              ],
              [
                106.62958723,
                10.7022494
              ],
              [
                106.63035836,
                10.70393234
              ],
              [
                106.63031358,
                10.70395173
              ],
              [
                106.63024292,
                10.70398257
              ],
              [
                106.63022955,
                10.70398955
              ],
              [
                106.63024695,
                10.70402699
              ],
              [
                106.63031869,
                10.70417444
              ],
              [
                106.63034924,
                10.70426206
              ],
              [
                106.63039252,
                10.70435586
              ],
              [
                106.63043565,
                10.70444731
              ],
              [
                106.63051287,
                10.70458903
              ],
              [
                106.63058764,
                10.70472118
              ],
              [
                106.63071172,
                10.70493414
              ],
              [
                106.63077501,
                10.70512426
              ],
              [
                106.63077632,
                10.7051289
              ],
              [
                106.6307908,
                10.70514333
              ],
              [
                106.63082283,
                10.70516275
              ],
              [
                106.63086361,
                10.70518344
              ],
              [
                106.6309,
                10.70521964
              ],
              [
                106.6309416,
                10.70529465
              ],
              [
                106.63101412,
                10.70546141
              ],
              [
                106.63107415,
                10.70559815
              ],
              [
                106.63110487,
                10.70566894
              ],
              [
                106.63111558,
                10.70572353
              ],
              [
                106.63111934,
                10.7058037
              ],
              [
                106.63111604,
                10.70588156
              ],
              [
                106.63111472,
                10.70591934
              ],
              [
                106.63112196,
                10.70593732
              ],
              [
                106.63113096,
                10.70595328
              ],
              [
                106.63117605,
                10.70602288
              ],
              [
                106.63132849,
                10.70621703
              ],
              [
                106.6314245,
                10.70640309
              ],
              [
                106.63148361,
                10.70651925
              ],
              [
                106.63161285,
                10.70676661
              ],
              [
                106.63166406,
                10.70689479
              ],
              [
                106.6317502,
                10.70709506
              ],
              [
                106.63175467,
                10.70710331
              ],
              [
                106.63187249,
                10.70732053
              ],
              [
                106.63187906,
                10.70733432
              ],
              [
                106.63189303,
                10.70736296
              ],
              [
                106.63192041,
                10.70741296
              ],
              [
                106.63194746,
                10.70746243
              ],
              [
                106.6319819,
                10.70752734
              ],
              [
                106.63201495,
                10.70759068
              ],
              [
                106.63203165,
                10.70762387
              ],
              [
                106.63204468,
                10.70764905
              ],
              [
                106.63219706,
                10.70793683
              ],
              [
                106.63235279,
                10.70824288
              ],
              [
                106.63239487,
                10.70832884
              ],
              [
                106.63243486,
                10.70841048
              ],
              [
                106.63245506,
                10.70845729
              ],
              [
                106.63247862,
                10.70851425
              ],
              [
                106.63250979,
                10.70858789
              ],
              [
                106.63251804,
                10.70861049
              ],
              [
                106.63252468,
                10.70862646
              ],
              [
                106.63253837,
                10.70864977
              ],
              [
                106.63255116,
                10.70867223
              ],
              [
                106.63262312,
                10.70879076
              ],
              [
                106.63267371,
                10.70889095
              ],
              [
                106.63270465,
                10.70895437
              ],
              [
                106.63275193,
                10.70904587
              ],
              [
                106.63277847,
                10.70910049
              ],
              [
                106.63278511,
                10.70911593
              ],
              [
                106.63280544,
                10.70915679
              ],
              [
                106.63282834,
                10.7092068
              ],
              [
                106.63284772,
                10.70924957
              ],
              [
                106.63285677,
                10.70927388
              ],
              [
                106.63291339,
                10.709373
              ],
              [
                106.63293505,
                10.70941105
              ],
              [
                106.6329992,
                10.7095375
              ],
              [
                106.63303333,
                10.70960799
              ],
              [
                106.63304212,
                10.70963089
              ],
              [
                106.63307038,
                10.70969078
              ],
              [
                106.63318699,
                10.70992251
              ],
              [
                106.63325741,
                10.71007274
              ],
              [
                106.63330139,
                10.71016298
              ],
              [
                106.63330595,
                10.71017743
              ],
              [
                106.63331048,
                10.71019824
              ],
              [
                106.63331177,
                10.71020308
              ],
              [
                106.63331621,
                10.71021227
              ],
              [
                106.63334112,
                10.7102548
              ],
              [
                106.63341947,
                10.71038734
              ],
              [
                106.63345937,
                10.71046643
              ],
              [
                106.63349199,
                10.71052578
              ],
              [
                106.63352985,
                10.71059868
              ],
              [
                106.6335766,
                10.71068933
              ],
              [
                106.63361266,
                10.71076275
              ],
              [
                106.63364485,
                10.71082421
              ],
              [
                106.63367321,
                10.7108804
              ],
              [
                106.63372295,
                10.71097778
              ],
              [
                106.63374275,
                10.7110218
              ],
              [
                106.633785,
                10.71110173
              ],
              [
                106.633848,
                10.71121968
              ],
              [
                106.6338528,
                10.71122925
              ],
              [
                106.63385518,
                10.71124039
              ],
              [
                106.63385546,
                10.71126395
              ],
              [
                106.63386115,
                10.7112834
              ],
              [
                106.6338915,
                10.71133001
              ],
              [
                106.63394156,
                10.71138994
              ],
              [
                106.63404933,
                10.71162953
              ],
              [
                106.63406255,
                10.71166384
              ],
              [
                106.63407062,
                10.71168689
              ],
              [
                106.63411774,
                10.71175657
              ],
              [
                106.63414332,
                10.7117821
              ],
              [
                106.63420223,
                10.71191228
              ],
              [
                106.63420642,
                10.71193343
              ],
              [
                106.63420676,
                10.71193997
              ],
              [
                106.63420753,
                10.71194817
              ],
              [
                106.63420947,
                10.71195615
              ],
              [
                106.63421428,
                10.71196467
              ],
              [
                106.63430037,
                10.71213742
              ],
              [
                106.63431991,
                10.71218085
              ],
              [
                106.63432672,
                10.7122059
              ],
              [
                106.63433671,
                10.71222287
              ],
              [
                106.63436607,
                10.71227535
              ],
              [
                106.63437956,
                10.71230708
              ],
              [
                106.63438898,
                10.71232724
              ],
              [
                106.63440118,
                10.71235352
              ],
              [
                106.63443292,
                10.71240571
              ],
              [
                106.63445536,
                10.71244015
              ],
              [
                106.63447085,
                10.71246167
              ],
              [
                106.63447208,
                10.71246487
              ],
              [
                106.63447177,
                10.71246751
              ],
              [
                106.63446311,
                10.71248689
              ],
              [
                106.63446285,
                10.71249062
              ],
              [
                106.63446381,
                10.71249387
              ],
              [
                106.63447705,
                10.71251204
              ],
              [
                106.63451207,
                10.71257175
              ],
              [
                106.6345489,
                10.71263502
              ],
              [
                106.63457968,
                10.71268816
              ],
              [
                106.63459007,
                10.71271305
              ],
              [
                106.63459619,
                10.71273481
              ],
              [
                106.63466791,
                10.71286287
              ],
              [
                106.63473482,
                10.71299474
              ],
              [
                106.63482397,
                10.71317522
              ],
              [
                106.63483771,
                10.71319325
              ],
              [
                106.63484977,
                10.71319936
              ],
              [
                106.63486431,
                10.71320015
              ],
              [
                106.63487966,
                10.71319805
              ],
              [
                106.63489127,
                10.71319762
              ],
              [
                106.63490333,
                10.71320291
              ],
              [
                106.63490959,
                10.71321563
              ],
              [
                106.63491213,
                10.71323204
              ],
              [
                106.63492432,
                10.71328086
              ],
              [
                106.63493454,
                10.71331443
              ],
              [
                106.63494884,
                10.7133458
              ],
              [
                106.6349656,
                10.71338314
              ],
              [
                106.63499318,
                10.71344236
              ],
              [
                106.63503874,
                10.7135401
              ],
              [
                106.63510467,
                10.71368176
              ],
              [
                106.63517367,
                10.71387346
              ],
              [
                106.63522957,
                10.71404299
              ],
              [
                106.63621571,
                10.71596729
              ],
              [
                106.63663415,
                10.71676681
              ],
              [
                106.63673486,
                10.71701216
              ],
              [
                106.63677709,
                10.71711412
              ],
              [
                106.6368257,
                10.71719056
              ],
              [
                106.63691374,
                10.71730318
              ],
              [
                106.63703407,
                10.71753211
              ],
              [
                106.63708252,
                10.71762917
              ],
              [
                106.63717632,
                10.7178751
              ],
              [
                106.63721672,
                10.71799008
              ],
              [
                106.63732368,
                10.71819168
              ],
              [
                106.63750887,
                10.71856427
              ],
              [
                106.63765407,
                10.71883606
              ],
              [
                106.63779996,
                10.7190465
              ],
              [
                106.63783251,
                10.7191192
              ],
              [
                106.6378527,
                10.71918058
              ],
              [
                106.63785806,
                10.71920265
              ],
              [
                106.6378658,
                10.71922871
              ],
              [
                106.63787736,
                10.71925267
              ],
              [
                106.63790602,
                10.71930448
              ],
              [
                106.63796631,
                10.71940964
              ],
              [
                106.63800184,
                10.71946622
              ],
              [
                106.63808438,
                10.71962061
              ],
              [
                106.63819897,
                10.71981518
              ],
              [
                106.63822292,
                10.71985803
              ],
              [
                106.63824944,
                10.71990676
              ],
              [
                106.63826832,
                10.71996141
              ],
              [
                106.63827309,
                10.71999296
              ],
              [
                106.63828425,
                10.72002573
              ],
              [
                106.63830395,
                10.72006944
              ],
              [
                106.6383673,
                10.72019972
              ],
              [
                106.63853636,
                10.72053711
              ],
              [
                106.63855006,
                10.72056822
              ],
              [
                106.63857318,
                10.72061443
              ],
              [
                106.63860115,
                10.72065412
              ],
              [
                106.63864432,
                10.72071963
              ],
              [
                106.63865287,
                10.72073223
              ],
              [
                106.63865843,
                10.72074483
              ],
              [
                106.6386654,
                10.72076281
              ],
              [
                106.63867653,
                10.72078403
              ],
              [
                106.63872849,
                10.72087561
              ],
              [
                106.63874035,
                10.72089292
              ],
              [
                106.63874698,
                10.72090258
              ],
              [
                106.63875105,
                10.72091267
              ],
              [
                106.63875513,
                10.72092655
              ],
              [
                106.6387605,
                10.72094399
              ],
              [
                106.63877421,
                10.7209791
              ],
              [
                106.63879733,
                10.72102616
              ],
              [
                106.63882707,
                10.72108223
              ],
              [
                106.63885231,
                10.72112972
              ],
              [
                106.63887754,
                10.72117426
              ],
              [
                106.63890409,
                10.72123434
              ],
              [
                106.63893812,
                10.72130094
              ],
              [
                106.63894924,
                10.72132321
              ],
              [
                106.63895354,
                10.72133751
              ],
              [
                106.638957,
                10.72135601
              ],
              [
                106.63896174,
                10.72137536
              ],
              [
                106.63896955,
                10.72139395
              ],
              [
                106.638984,
                10.72142094
              ],
              [
                106.63903879,
                10.72153015
              ],
              [
                106.63918218,
                10.72182483
              ],
              [
                106.639224,
                10.72191181
              ],
              [
                106.63924811,
                10.72196384
              ],
              [
                106.63926298,
                10.72199671
              ],
              [
                106.6392876,
                10.7220482
              ],
              [
                106.63931082,
                10.72209663
              ],
              [
                106.63933062,
                10.72213517
              ],
              [
                106.63934367,
                10.72216018
              ],
              [
                106.63935864,
                10.72218853
              ],
              [
                106.63937276,
                10.72221248
              ],
              [
                106.63939412,
                10.72224293
              ],
              [
                106.63940298,
                10.72225373
              ],
              [
                106.63941089,
                10.72226634
              ],
              [
                106.63941947,
                10.72228967
              ],
              [
                106.63943083,
                10.7223214
              ],
              [
                106.63943672,
                10.722336
              ],
              [
                106.63944678,
                10.72235385
              ],
              [
                106.6394596,
                10.72237402
              ],
              [
                106.63946602,
                10.72238852
              ],
              [
                106.63947256,
                10.72240438
              ],
              [
                106.639479,
                10.72242646
              ],
              [
                106.6394848,
                10.72244516
              ],
              [
                106.63948677,
                10.72246114
              ],
              [
                106.63948795,
                10.72246461
              ],
              [
                106.63950114,
                10.72248245
              ],
              [
                106.63976298,
                10.72298445
              ],
              [
                106.6398013,
                10.7230602
              ],
              [
                106.63984574,
                10.72313696
              ],
              [
                106.63989857,
                10.72321842
              ],
              [
                106.63994305,
                10.72330818
              ],
              [
                106.63994702,
                10.72331728
              ],
              [
                106.63998998,
                10.72341568
              ],
              [
                106.64010176,
                10.72363062
              ],
              [
                106.64043697,
                10.72427432
              ],
              [
                106.64049599,
                10.72438765
              ],
              [
                106.64060056,
                10.72458722
              ],
              [
                106.64069546,
                10.72477805
              ],
              [
                106.64075423,
                10.72489345
              ],
              [
                106.64084308,
                10.72507017
              ],
              [
                106.64090666,
                10.7252117
              ],
              [
                106.64094302,
                10.72527765
              ],
              [
                106.64098839,
                10.72536671
              ],
              [
                106.64105348,
                10.72550792
              ],
              [
                106.64111898,
                10.72564449
              ],
              [
                106.6411643,
                10.72572346
              ],
              [
                106.64118866,
                10.72575832
              ],
              [
                106.6412015,
                10.725781
              ],
              [
                106.64121694,
                10.72582472
              ],
              [
                106.64125269,
                10.72590099
              ],
              [
                106.64133077,
                10.72604741
              ],
              [
                106.64137206,
                10.7261245
              ],
              [
                106.64140761,
                10.72620308
              ],
              [
                106.64147714,
                10.72633691
              ],
              [
                106.64155053,
                10.72648292
              ],
              [
                106.64164146,
                10.72665665
              ],
              [
                106.64167896,
                10.72674469
              ],
              [
                106.64172132,
                10.72682704
              ],
              [
                106.64178101,
                10.72694195
              ],
              [
                106.64184305,
                10.72704496
              ],
              [
                106.64185477,
                10.7270644
              ],
              [
                106.64187958,
                10.72711019
              ],
              [
                106.64190804,
                10.72716587
              ],
              [
                106.64193256,
                10.72720291
              ],
              [
                106.64208174,
                10.72748343
              ],
              [
                106.64214625,
                10.72759824
              ],
              [
                106.64221076,
                10.72771305
              ],
              [
                106.64234681,
                10.72769546
              ],
              [
                106.64253692,
                10.7276844
              ],
              [
                106.64262282,
                10.72768129
              ],
              [
                106.64269039,
                10.72768205
              ],
              [
                106.64273963,
                10.72768573
              ],
              [
                106.64282265,
                10.72769027
              ],
              [
                106.64293172,
                10.72769378
              ],
              [
                106.6431209,
                10.72769419
              ],
              [
                106.64317801,
                10.72769049
              ],
              [
                106.64324443,
                10.7276862
              ],
              [
                106.64335635,
                10.72767537
              ],
              [
                106.64339978,
                10.72767141
              ],
              [
                106.64342877,
                10.72768183
              ],
              [
                106.64345585,
                10.72770278
              ],
              [
                106.64350232,
                10.72774562
              ],
              [
                106.64357496,
                10.72783234
              ],
              [
                106.64362441,
                10.72790765
              ],
              [
                106.64364965,
                10.72795725
              ],
              [
                106.64366235,
                10.72801071
              ],
              [
                106.64366822,
                10.72803362
              ],
              [
                106.64369437,
                10.72806792
              ],
              [
                106.64373501,
                10.72810123
              ],
              [
                106.64386963,
                10.7281538
              ],
              [
                106.64398829,
                10.72820815
              ],
              [
                106.64413995,
                10.72827455
              ],
              [
                106.64415705,
                10.72827834
              ],
              [
                106.64445522,
                10.72827385
              ],
              [
                106.64446583,
                10.7281538
              ],
              [
                106.64452806,
                10.72745016
              ],
              [
                106.6445623,
                10.72738194
              ],
              [
                106.64500259,
                10.72698125
              ],
              [
                106.64511771,
                10.72708877
              ],
              [
                106.6461594,
                10.72815378
              ],
              [
                106.64682598,
                10.72883527
              ],
              [
                106.64755654,
                10.72815375
              ],
              [
                106.64800374,
                10.72775155
              ],
              [
                106.6484495,
                10.72815375
              ],
              [
                106.64866266,
                10.72837436
              ],
              [
                106.64871388,
                10.72840105
              ],
              [
                106.64878175,
                10.72841116
              ],
              [
                106.65019339,
                10.72837778
              ],
              [
                106.65017901,
                10.72845212
              ],
              [
                106.65015792,
                10.7285556
              ],
              [
                106.65013202,
                10.72863793
              ],
              [
                106.65009293,
                10.7287354
              ],
              [
                106.650044,
                10.7288408
              ],
              [
                106.64996521,
                10.72899888
              ],
              [
                106.64994179,
                10.72904589
              ],
              [
                106.64985279,
                10.72931395
              ],
              [
                106.64976234,
                10.72957915
              ],
              [
                106.64966255,
                10.72980439
              ],
              [
                106.64960299,
                10.72987971
              ],
              [
                106.64942401,
                10.73000067
              ],
              [
                106.64931511,
                10.730069
              ],
              [
                106.64925712,
                10.73013278
              ],
              [
                106.64922974,
                10.73019653
              ],
              [
                106.64923066,
                10.73024723
              ],
              [
                106.64924171,
                10.73026716
              ],
              [
                106.64926231,
                10.73028367
              ],
              [
                106.64938699,
                10.73032443
              ],
              [
                106.64957702,
                10.73039649
              ],
              [
                106.6497131,
                10.73047656
              ],
              [
                106.64988839,
                10.7305209
              ],
              [
                106.65015891,
                10.73058765
              ],
              [
                106.65022846,
                10.7306095
              ],
              [
                106.65033239,
                10.73063877
              ],
              [
                106.65081537,
                10.73079729
              ],
              [
                106.65091869,
                10.73083334
              ],
              [
                106.65142815,
                10.73095228
              ],
              [
                106.65150399,
                10.73097086
              ],
              [
                106.65154406,
                10.73098069
              ],
              [
                106.65154416,
                10.73098367
              ],
              [
                106.65172201,
                10.73102772
              ],
              [
                106.65189995,
                10.73107178
              ],
              [
                106.65195374,
                10.73108528
              ],
              [
                106.65208789,
                10.73112693
              ],
              [
                106.65228868,
                10.73117263
              ],
              [
                106.65249955,
                10.73122047
              ],
              [
                106.65271425,
                10.73126966
              ],
              [
                106.65292969,
                10.7313184
              ],
              [
                106.65301885,
                10.73132799
              ],
              [
                106.65308828,
                10.7313437
              ],
              [
                106.65329244,
                10.73138216
              ],
              [
                106.65371644,
                10.73147396
              ],
              [
                106.65392869,
                10.73152822
              ],
              [
                106.65393223,
                10.73152912
              ],
              [
                106.65400184,
                10.73155893
              ],
              [
                106.654028,
                10.73156507
              ],
              [
                106.65418121,
                10.73159665
              ],
              [
                106.65444093,
                10.73169035
              ],
              [
                106.65450207,
                10.73171242
              ],
              [
                106.65460904,
                10.73174638
              ],
              [
                106.65463109,
                10.73175336
              ],
              [
                106.65476315,
                10.73177544
              ],
              [
                106.65480707,
                10.73178278
              ],
              [
                106.65484283,
                10.73178872
              ],
              [
                106.65484267,
                10.73179749
              ],
              [
                106.65484603,
                10.7318812
              ],
              [
                106.65500431,
                10.73192251
              ],
              [
                106.65531556,
                10.73197458
              ],
              [
                106.65531075,
                10.73207955
              ],
              [
                106.65535481,
                10.73207897
              ],
              [
                106.6554095,
                10.73208487
              ],
              [
                106.6554972,
                10.73209438
              ],
              [
                106.65551677,
                10.73209658
              ],
              [
                106.65557109,
                10.73210257
              ],
              [
                106.65565905,
                10.73210602
              ],
              [
                106.65570567,
                10.7321058
              ],
              [
                106.65570727,
                10.73215144
              ],
              [
                106.65570788,
                10.7321735
              ],
              [
                106.655709,
                10.73221047
              ],
              [
                106.65570921,
                10.73221924
              ],
              [
                106.65573005,
                10.73221855
              ],
              [
                106.65591588,
                10.73221167
              ],
              [
                106.65597168,
                10.73221022
              ],
              [
                106.65610162,
                10.73220857
              ],
              [
                106.65618072,
                10.73221117
              ],
              [
                106.65619891,
                10.73221221
              ],
              [
                106.6563506,
                10.73222168
              ],
              [
                106.6564991,
                10.73223096
              ],
              [
                106.65654334,
                10.73223333
              ],
              [
                106.65666615,
                10.73223991
              ],
              [
                106.65666728,
                10.73225181
              ],
              [
                106.65666857,
                10.7322791
              ],
              [
                106.6566696,
                10.73228454
              ],
              [
                106.6566718,
                10.73228712
              ],
              [
                106.65667735,
                10.73228771
              ],
              [
                106.65669578,
                10.73228839
              ],
              [
                106.65676829,
                10.73229346
              ],
              [
                106.65682207,
                10.73229222
              ],
              [
                106.65686532,
                10.73229615
              ],
              [
                106.65690954,
                10.73229656
              ],
              [
                106.65696351,
                10.73229081
              ],
              [
                106.65699309,
                10.7322885
              ],
              [
                106.65703894,
                10.73228854
              ],
              [
                106.65708824,
                10.73229118
              ],
              [
                106.65720266,
                10.73229929
              ],
              [
                106.65725647,
                10.73231308
              ],
              [
                106.65731346,
                10.73232837
              ],
              [
                106.65735722,
                10.73233583
              ],
              [
                106.65739998,
                10.73233636
              ],
              [
                106.65741917,
                10.7323356
              ],
              [
                106.65743906,
                10.73233557
              ],
              [
                106.65748044,
                10.73232898
              ],
              [
                106.65752453,
                10.73233235
              ],
              [
                106.65755018,
                10.73234131
              ],
              [
                106.65757647,
                10.73236182
              ],
              [
                106.65760342,
                10.73239956
              ],
              [
                106.65764501,
                10.73247799
              ],
              [
                106.65767665,
                10.73250714
              ],
              [
                106.65772573,
                10.73253239
              ],
              [
                106.65776599,
                10.73253379
              ],
              [
                106.65790191,
                10.73251
              ],
              [
                106.65800385,
                10.7325053
              ],
              [
                106.65804366,
                10.73250753
              ],
              [
                106.65835634,
                10.73254266
              ],
              [
                106.65837281,
                10.73254539
              ],
              [
                106.65872873,
                10.73259926
              ],
              [
                106.65899263,
                10.73263632
              ],
              [
                106.6592319,
                10.7326415
              ],
              [
                106.65933893,
                10.73265441
              ],
              [
                106.65940437,
                10.73267186
              ],
              [
                106.65951303,
                10.73273473
              ],
              [
                106.65960205,
                10.73280512
              ],
              [
                106.65971114,
                10.73289139
              ],
              [
                106.65991566,
                10.7329569
              ],
              [
                106.66003839,
                10.73299623
              ],
              [
                106.6600652,
                10.7330017
              ],
              [
                106.66035224,
                10.73306035
              ],
              [
                106.66045348,
                10.73307874
              ],
              [
                106.66099417,
                10.7331624
              ],
              [
                106.66137647,
                10.73322155
              ],
              [
                106.66153295,
                10.73326251
              ],
              [
                106.66192079,
                10.73336398
              ],
              [
                106.66225107,
                10.73349233
              ],
              [
                106.66270477,
                10.73365689
              ],
              [
                106.66278959,
                10.73368766
              ],
              [
                106.66303033,
                10.73378719
              ],
              [
                106.66321948,
                10.73386071
              ],
              [
                106.66334533,
                10.73390454
              ],
              [
                106.66345157,
                10.73393185
              ],
              [
                106.66363164,
                10.73394442
              ],
              [
                106.66391431,
                10.73395485
              ],
              [
                106.66413226,
                10.73397763
              ],
              [
                106.6644387,
                10.73401894
              ],
              [
                106.66479098,
                10.73408041
              ],
              [
                106.66512906,
                10.7341466
              ],
              [
                106.66524755,
                10.73416814
              ],
              [
                106.66550656,
                10.73419082
              ],
              [
                106.66578295,
                10.734215
              ],
              [
                106.66584303,
                10.73371947
              ],
              [
                106.66585851,
                10.73361472
              ],
              [
                106.66585003,
                10.73342098
              ],
              [
                106.6658331,
                10.73304443
              ],
              [
                106.66582794,
                10.73290224
              ],
              [
                106.66584344,
                10.73280688
              ],
              [
                106.66587783,
                10.73269115
              ],
              [
                106.66588717,
                10.73264425
              ],
              [
                106.6659217,
                10.7325785
              ],
              [
                106.66598899,
                10.73244483
              ],
              [
                106.66643742,
                10.73268626
              ],
              [
                106.66663151,
                10.73280162
              ],
              [
                106.66669297,
                10.73284652
              ],
              [
                106.66671094,
                10.73286472
              ],
              [
                106.66673325,
                10.73288344
              ],
              [
                106.666849,
                10.73293837
              ],
              [
                106.66693872,
                10.73299339
              ],
              [
                106.66706524,
                10.73306226
              ],
              [
                106.6672173,
                10.73316026
              ],
              [
                106.66734141,
                10.73322147
              ],
              [
                106.66735246,
                10.73323612
              ],
              [
                106.66737036,
                10.73325987
              ],
              [
                106.66743313,
                10.73331276
              ],
              [
                106.66758289,
                10.73340833
              ],
              [
                106.66764095,
                10.73345644
              ],
              [
                106.66764502,
                10.7334598
              ],
              [
                106.66764964,
                10.73346585
              ],
              [
                106.66768614,
                10.73349406
              ],
              [
                106.66773043,
                10.73352914
              ],
              [
                106.66789176,
                10.73363347
              ],
              [
                106.66810658,
                10.73377364
              ],
              [
                106.66820007,
                10.7338381
              ],
              [
                106.6684603,
                10.73401179
              ],
              [
                106.66867916,
                10.73415573
              ],
              [
                106.66906484,
                10.73440749
              ],
              [
                106.66947563,
                10.73468002
              ],
              [
                106.66972,
                10.73484094
              ],
              [
                106.66978007,
                10.73488003
              ],
              [
                106.669804,
                10.73489907
              ],
              [
                106.66981427,
                10.73491253
              ],
              [
                106.66981715,
                10.73492432
              ],
              [
                106.66981718,
                10.73493613
              ],
              [
                106.66981438,
                10.73495129
              ],
              [
                106.66979629,
                10.73498114
              ],
              [
                106.67011963,
                10.73525406
              ],
              [
                106.67016398,
                10.73527667
              ],
              [
                106.6716343,
                10.73618412
              ],
              [
                106.67171537,
                10.73623415
              ],
              [
                106.6717746,
                10.73614715
              ],
              [
                106.67184874,
                10.73618599
              ],
              [
                106.67192571,
                10.73623392
              ],
              [
                106.67199588,
                10.73628524
              ],
              [
                106.6720491,
                10.73632194
              ],
              [
                106.67215794,
                10.73639641
              ],
              [
                106.67224397,
                10.73645686
              ],
              [
                106.67236118,
                10.73653931
              ],
              [
                106.67244159,
                10.73659144
              ],
              [
                106.67256303,
                10.73665867
              ],
              [
                106.67271614,
                10.73675538
              ],
              [
                106.67280377,
                10.73681253
              ],
              [
                106.67303086,
                10.73697089
              ],
              [
                106.67306263,
                10.73699229
              ],
              [
                106.67333241,
                10.73717278
              ],
              [
                106.67335639,
                10.73718123
              ],
              [
                106.67336736,
                10.7371876
              ],
              [
                106.67339657,
                10.73721004
              ],
              [
                106.67342069,
                10.73722492
              ],
              [
                106.67349807,
                10.73727899
              ],
              [
                106.67350326,
                10.73727261
              ],
              [
                106.67356687,
                10.7373229
              ],
              [
                106.673642,
                10.73738293
              ],
              [
                106.67395293,
                10.73693927
              ],
              [
                106.67414373,
                10.73668517
              ],
              [
                106.67422141,
                10.73653099
              ],
              [
                106.67425798,
                10.73648187
              ],
              [
                106.67434542,
                10.73637714
              ],
              [
                106.67439066,
                10.73632367
              ],
              [
                106.6744822,
                10.7362364
              ],
              [
                106.67462081,
                10.73613105
              ],
              [
                106.67462875,
                10.73612578
              ],
              [
                106.67472675,
                10.73606551
              ],
              [
                106.67491433,
                10.73594398
              ],
              [
                106.67497827,
                10.73590823
              ],
              [
                106.67502197,
                10.73589264
              ],
              [
                106.67505939,
                10.73587167
              ],
              [
                106.67510924,
                10.73582823
              ],
              [
                106.67516852,
                10.73580255
              ],
              [
                106.67533151,
                10.7357155
              ],
              [
                106.67543133,
                10.73566728
              ],
              [
                106.67554908,
                10.73560201
              ],
              [
                106.67582589,
                10.73545047
              ],
              [
                106.67588433,
                10.73541882
              ],
              [
                106.67597108,
                10.73538383
              ],
              [
                106.67606151,
                10.73535828
              ],
              [
                106.67613437,
                10.73534226
              ],
              [
                106.67622068,
                10.73531533
              ],
              [
                106.67630635,
                10.73528483
              ],
              [
                106.6764202,
                10.7352412
              ],
              [
                106.67656286,
                10.73518898
              ],
              [
                106.67670127,
                10.73511503
              ],
              [
                106.67678761,
                10.73509663
              ],
              [
                106.67698308,
                10.73514583
              ],
              [
                106.67747739,
                10.73526859
              ],
              [
                106.67776577,
                10.73534719
              ],
              [
                106.67808632,
                10.73543365
              ],
              [
                106.67811014,
                10.73528324
              ],
              [
                106.6780932,
                10.73503664
              ],
              [
                106.67828095,
                10.73499765
              ],
              [
                106.678343,
                10.73498555
              ],
              [
                106.67844229,
                10.73504533
              ],
              [
                106.67893141,
                10.73518104
              ],
              [
                106.67907821,
                10.73521701
              ],
              [
                106.67909334,
                10.73521707
              ],
              [
                106.67911138,
                10.73521187
              ],
              [
                106.67912323,
                10.73520261
              ],
              [
                106.67912598,
                10.73519143
              ],
              [
                106.67912607,
                10.73517205
              ],
              [
                106.67905947,
                10.73484581
              ],
              [
                106.67981429,
                10.7346986
              ],
              [
                106.67989779,
                10.73511528
              ],
              [
                106.67996263,
                10.73545901
              ],
              [
                106.68019618,
                10.73545693
              ],
              [
                106.68020231,
                10.73541286
              ],
              [
                106.68019472,
                10.73532269
              ],
              [
                106.68016008,
                10.73513811
              ],
              [
                106.68049728,
                10.73502202
              ],
              [
                106.68053634,
                10.73500921
              ],
              [
                106.68063074,
                10.73498836
              ],
              [
                106.68066681,
                10.73498489
              ],
              [
                106.68091545,
                10.73498901
              ],
              [
                106.68099554,
                10.73498727
              ],
              [
                106.68102509,
                10.73497935
              ],
              [
                106.68110714,
                10.73493837
              ],
              [
                106.68119653,
                10.73488541
              ],
              [
                106.68130194,
                10.73480091
              ],
              [
                106.68140588,
                10.7347073
              ],
              [
                106.68145986,
                10.73462943
              ],
              [
                106.68150259,
                10.73457885
              ],
              [
                106.68152388,
                10.73456198
              ],
              [
                106.68155295,
                10.73455292
              ],
              [
                106.68162379,
                10.7345501
              ],
              [
                106.68214293,
                10.73468963
              ],
              [
                106.68207087,
                10.73504291
              ],
              [
                106.68202224,
                10.73544733
              ],
              [
                106.68198684,
                10.73573098
              ],
              [
                106.68198124,
                10.73602891
              ],
              [
                106.6820335,
                10.73647146
              ],
              [
                106.68211482,
                10.73676097
              ],
              [
                106.68211961,
                10.73677802
              ],
              [
                106.68212583,
                10.73679007
              ],
              [
                106.68239822,
                10.73734116
              ],
              [
                106.68254444,
                10.73769056
              ],
              [
                106.6826147,
                10.73779457
              ],
              [
                106.68283554,
                10.73813545
              ],
              [
                106.68298232,
                10.73839068
              ],
              [
                106.68304347,
                10.73857026
              ],
              [
                106.68308303,
                10.73878292
              ],
              [
                106.68307103,
                10.73888184
              ],
              [
                106.68300373,
                10.73904483
              ],
              [
                106.68298673,
                10.7390958
              ],
              [
                106.68295164,
                10.73919251
              ],
              [
                106.68284878,
                10.73947597
              ],
              [
                106.68313125,
                10.73957976
              ],
              [
                106.68332043,
                10.7396103
              ],
              [
                106.68420963,
                10.73975387
              ],
              [
                106.68429766,
                10.73976808
              ],
              [
                106.68510133,
                10.73987417
              ],
              [
                106.68603351,
                10.73994659
              ],
              [
                106.68606167,
                10.73994878
              ],
              [
                106.68636349,
                10.739975
              ],
              [
                106.68674767,
                10.74002034
              ],
              [
                106.68729678,
                10.74017756
              ],
              [
                106.68768901,
                10.74029265
              ],
              [
                106.68779376,
                10.74032336
              ],
              [
                106.68803946,
                10.74039773
              ],
              [
                106.68871075,
                10.74060158
              ],
              [
                106.68929098,
                10.74077842
              ],
              [
                106.69035064,
                10.74107163
              ],
              [
                106.69092885,
                10.74123598
              ],
              [
                106.6920152,
                10.74158723
              ],
              [
                106.69202591,
                10.74156232
              ],
              [
                106.69224762,
                10.74125247
              ],
              [
                106.69262287,
                10.74074362
              ],
              [
                106.69316809,
                10.73996086
              ],
              [
                106.69351021,
                10.73941585
              ],
              [
                106.69401885,
                10.73860555
              ],
              [
                106.6940412,
                10.7385702
              ],
              [
                106.69452078,
                10.73781134
              ],
              [
                106.69473977,
                10.73732246
              ],
              [
                106.69483585,
                10.7370301
              ],
              [
                106.69490114,
                10.73678099
              ],
              [
                106.69493304,
                10.73656663
              ],
              [
                106.69499993,
                10.73611705
              ],
              [
                106.69496014,
                10.73588756
              ],
              [
                106.69488898,
                10.73568725
              ],
              [
                106.69479584,
                10.73550443
              ],
              [
                106.69438077,
                10.73462313
              ],
              [
                106.6940684,
                10.73397679
              ]
            ]
          ]
        ]
      },
      "properties": {
        "Tỉnh thành": "TP HCM",
        "Tên đơn vị": "Xã Bình Hưng",
        "Mã hành chính": "27619",
        "Phân loại": "Xã",
        "Dân số (người)": 183697.0,
        "Diện tích (km²)": 32.63,
        "stroke": "#ff0000",
        "stroke-width": 2,
        "stroke-opacity": 1,
        "fill": "#ffff00",
        "fill-opacity": 0.5
      }
    }
  ]
}
